INSERT INTO identities (issued_date, identity_number, name, other_names, birth_date, birth_place, job, living_address, document) VALUES
                                                                                                                                     ('2022-01-01', '200108000159', 'Amal Perera', 'Amal', '1980-01-01', 'Colombo', 'Engineer', 'Address 1', 'Document 1'),
                                                                                                                                     ('2022-01-02', '200108000160', 'Nimal Silva', 'Nimal', '1985-05-15', 'Gampaha', 'Doctor', 'Address 2', 'Document 2'),
                                                                                                                                     ('2022-01-03', '200108000161', 'Sunil Kumar', 'Sunu', '1990-10-10', 'Kandy', 'Teacher', 'Address 3', 'Document 3'),
                                                                                                                                     ('2022-01-04', '200108000162', 'Ananda Perera', 'Anan', '1988-03-25', 'Matara', 'Artist', 'Address 4', 'Document 4'),
                                                                                                                                     ('2022-01-05', '200108000163', 'Chamara Rathnayake', 'Chami', '1992-07-30', 'Kurunegala', 'Scientist', 'Address 5', 'Document 5'),
                                                                                                                                     ('2022-01-06', '200108000164', 'Samanthi Karunaratne', 'Sama', '1983-11-20', 'Galle', 'Nurse', 'Address 6', 'Document 6'),
                                                                                                                                     ('2022-01-07', '200108000165', 'Sarath Fernando', 'Saru', '1979-06-18', 'Badulla', 'Engineer', 'Address 7', 'Document 7'),
                                                                                                                                     ('2022-01-08', '200108000166', 'Malani Perera', 'Mala', '1987-02-28', 'Jaffna', 'Lawyer', 'Address 8', 'Document 8'),
                                                                                                                                     ('2022-01-09', '200108000167', 'Ruwan Jayasinghe', 'Ruwi', '1991-09-05', 'Anuradhapura', 'Chef', 'Address 9', 'Document 9'),
                                                                                                                                     ('2022-01-10', '200108000168', 'Kumari Silva', 'Kumi', '1986-12-12', 'Polonnaruwa', 'Dentist', 'Address 10', 'Document 10'),
                                                                                                                                     ('2022-01-11', '200108000169', 'Ajith Kumara', 'Aji', '1982-04-15', 'Nuwara Eliya', 'Musician', 'Address 11', 'Document 11'),
                                                                                                                                     ('2022-01-12', '200108000170', 'Shirani Fernando', 'Shira', '1989-08-22', 'Batticaloa', 'Photographer', 'Address 12', 'Document 12'),
                                                                                                                                     ('2022-01-13', '200108000171', 'Mahesh Liyanage', 'Mahi', '1994-03-10', 'Hambantota', 'Architect', 'Address 13', 'Document 13'),
                                                                                                                                     ('2022-01-14', '200108000172', 'Thilini Jayawardena', 'Thili', '1995-07-05', 'Ratnapura', 'Pharmacist', 'Address 14', 'Document 14'),
                                                                                                                                     ('2022-01-15', '200108000173', 'Nishantha Wijesinghe', 'Nish', '1980-11-30', 'Trincomalee', 'Pilot', 'Address 15', 'Document 15'),
                                                                                                                                     ('2022-01-16', '200108000174', 'Harsha Perera', 'Hars', '1984-09-25', 'Puttalam', 'Veterinarian', 'Address 16', 'Document 16'),
                                                                                                                                     ('2022-01-17', '200108000175', 'Chandana Wickramasinghe', 'Chandi', '1993-06-22', 'Kalutara', 'Police Officer', 'Address 17', 'Document 17'),
                                                                                                                                     ('2022-01-18', '200108000176', 'Nalini Fernando', 'Nali', '1988-10-01', 'Kegalle', 'Social Worker', 'Address 18', 'Document 18'),
                                                                                                                                     ('2022-01-19', '200108000177', 'Upul Perera', 'Upu', '1990-05-11', 'Ampara', 'Electrician', 'Address 19', 'Document 19'),
                                                                                                                                     ('2022-01-20', '200108000178', 'Rashmi Kumari', 'Rashi', '1987-12-05', 'Monaragala', 'Journalist', 'Address 20', 'Document 20'),
                                                                                                                                     ('2010-06-25','200117701551','G.W.D. Banuka', 'Banuka','2001-06-25','Galkissa','Politician','Address 21', 'Document 21');


INSERT INTO new_identities (issued_date, identity_number, name, other_names, birth_date, birth_place, job, living_address, document)
VALUES
    ('2022-01-21', '200108000179', 'Sunil Perera', 'Sune', '1983-01-15', 'Colombo', 'Engineer', 'Address 21', 'Document 21'),
    ('2022-01-22', '200108000180', 'Thushari Silva', 'Thushi', '1992-05-28', 'Galle', 'Doctor', 'Address 22', 'Document 22'),
    ('2022-01-23', '200108000181', 'Udeni Fernando', 'Udi', '1986-11-09', 'Kandy', 'Teacher', 'Address 23', 'Document 23'),
    ('2022-01-24', '200108000182', 'Vimal Weerasinghe', 'Vimal', '1980-04-18', 'Negombo', 'Artist', 'Address 24', 'Document 24'),
    ('2022-01-25', '200108000183', 'Wasanthi Jayasinghe', 'Wasa', '1989-08-07', 'Kurunegala', 'Scientist', 'Address 25', 'Document 25'),
    ('2022-01-26', '200108000184', 'Xavier Wijesinghe', 'Xavie', '1981-02-20', 'Matara', 'Nurse', 'Address 26', 'Document 26'),
    ('2022-01-27', '200108000185', 'Yasodha Bandara', 'Yaso', '1995-06-15', 'Anuradhapura', 'Engineer', 'Address 27', 'Document 27'),
    ('2022-01-28', '200108000186', 'Zoysa Senanayake', 'Zoy', '1990-10-30', 'Ratnapura', 'Lawyer', 'Address 28', 'Document 28'),
    ('2022-01-29', '200108000187', 'Amara Perera', 'Ama', '1985-03-14', 'Badulla', 'Chef', 'Address 29', 'Document 29'),
    ('2022-01-30', '200108000188', 'Buddhi Herath', 'Buddhi', '1988-09-09', 'Hambantota', 'Dentist', 'Address 30', 'Document 30'),
    ('2022-01-31', '200108000189', 'Chamali Fonseka', 'Chami', '1991-12-25', 'Kegalle', 'Musician', 'Address 31', 'Document 31'),
    ('2022-02-01', '200108000190', 'Dilshan Jayawardena', 'Dila', '1982-07-13', 'Nuwara Eliya', 'Photographer', 'Address 32', 'Document 32'),
    ('2022-02-02', '200108000191', 'Eshanthi Rajapaksha', 'Eshi', '1993-11-17', 'Polonnaruwa', 'Architect', 'Address 33', 'Document 33'),
    ('2022-02-03', '200108000192', 'Fahim Razik', 'Fahi', '1984-05-30', 'Trincomalee', 'Pharmacist', 'Address 34', 'Document 34'),
    ('2022-02-04', '200108000193', 'Gayan Abeysinghe', 'Gaya', '1989-02-02', 'Jaffna', 'Pilot', 'Address 35', 'Document 35'),
    ('2022-02-05', '200108000194', 'Harsha Ratnayake', 'Hari', '1987-06-21', 'Mannar', 'Veterinarian', 'Address 36', 'Document 36'),
    ('2022-02-06', '200108000195', 'Ishani Wickramasinghe', 'Ishi', '1994-08-16', 'Mullaitivu', 'Police Officer', 'Address 37', 'Document 37'),
    ('2022-02-07', '200108000196', 'Janith Perera', 'Jani', '1983-03-25', 'Puttalam', 'Social Worker', 'Address 38', 'Document 38'),
    ('2022-02-08', '200108000197', 'Kanchana Senarath', 'Kanchi', '1986-10-05', 'Batticaloa', 'Electrician', 'Address 39', 'Document 39'),
    ('2022-02-09', '200108000198', 'Lalith Gunawardena', 'Lali', '1990-01-15', 'Kilinochchi', 'Journalist', 'Address 40', 'Document 40');


INSERT INTO updated_identities (issued_date, identity_number, name, other_names, birth_date, birth_place, job, living_address, document)
VALUES
    ('2022-01-21', '200108000159', 'Sunil Perera', 'Sune', '1983-01-15', 'Colombo', 'Engineer', 'Address 21', 'Document 21'),
    ('2022-01-22', '200108000160', 'Thushari Silva', 'Thushi', '1992-05-28', 'Galle', 'Doctor', 'Address 22', 'Document 22'),
    ('2022-01-23', '200108000161', 'Udeni Fernando', 'Udi', '1986-11-09', 'Kandy', 'Teacher', 'Address 23', 'Document 23'),
    ('2022-01-24', '200108000162', 'Vimal Weerasinghe', 'Vimal', '1980-04-18', 'Negombo', 'Artist', 'Address 24', 'Document 24'),
    ('2022-01-25', '200108000163', 'Wasanthi Jayasinghe', 'Wasa', '1989-08-07', 'Kurunegala', 'Scientist', 'Address 25', 'Document 25'),
    ('2022-01-26', '200108000164', 'Xavier Wijesinghe', 'Xavie', '1981-02-20', 'Matara', 'Nurse', 'Address 26', 'Document 26'),
    ('2022-01-27', '200108000165', 'Yasodha Bandara', 'Yaso', '1995-06-15', 'Anuradhapura', 'Engineer', 'Address 27', 'Document 27'),
    ('2022-01-28', '200108000166', 'Zoysa Senanayake', 'Zoy', '1990-10-30', 'Ratnapura', 'Lawyer', 'Address 28', 'Document 28'),
    ('2022-01-29', '200108000167', 'Amara Perera', 'Ama', '1985-03-14', 'Badulla', 'Chef', 'Address 29', 'Document 29'),
    ('2022-01-30', '200108000168', 'Buddhi Herath', 'Buddhi', '1988-09-09', 'Hambantota', 'Dentist', 'Address 30', 'Document 30'),
    ('2022-01-31', '200108000169', 'Chamali Fonseka', 'Chami', '1991-12-25', 'Kegalle', 'Musician', 'Address 31', 'Document 31'),
    ('2022-02-01', '200108000170', 'Dilshan Jayawardena', 'Dila', '1982-07-13', 'Nuwara Eliya', 'Photographer', 'Address 32', 'Document 32'),
    ('2022-02-02', '200108000171', 'Eshanthi Rajapaksha', 'Eshi', '1993-11-17', 'Polonnaruwa', 'Architect', 'Address 33', 'Document 33'),
    ('2022-02-03', '200108000172', 'Fahim Razik', 'Fahi', '1984-05-30', 'Trincomalee', 'Pharmacist', 'Address 34', 'Document 34'),
    ('2022-02-04', '200108000173', 'Gayan Abeysinghe', 'Gaya', '1989-02-02', 'Jaffna', 'Pilot', 'Address 35', 'Document 35'),
    ('2022-02-05', '200108000174', 'Harsha Ratnayake', 'Hari', '1987-06-21', 'Mannar', 'Veterinarian', 'Address 36', 'Document 36'),
    ('2022-02-06', '200108000175', 'Ishani Wickramasinghe', 'Ishi', '1994-08-16', 'Mullaitivu', 'Police Officer', 'Address 37', 'Document 37'),
    ('2022-02-07', '200108000176', 'Janith Perera', 'Jani', '1983-03-25', 'Puttalam', 'Social Worker', 'Address 38', 'Document 38'),
    ('2022-02-08', '200108000177', 'Kanchana Senarath', 'Kanchi', '1986-10-05', 'Batticaloa', 'Electrician', 'Address 39', 'Document 39'),
    ('2022-02-09', '200108000178', 'Lalith Gunawardena', 'Lali', '1990-01-15', 'Kilinochchi', 'Journalist', 'Address 40', 'Document 40');


INSERT INTO licenses (
    license_number,
    identity_number,
    name,
    living_address,
    birth_date,
    issued_date,
    expiry_date,
    blood_group,
    vehicles_allowed,
    document
) VALUES
      ('B5445590', '200108000159', 'Sunil Perera', 'Anka 123 Main Sit', '1990-01-01', '2020-01-01', '2030-01-01', 'O+', 'Car,Bike', 'doc01.pdf'),
      ('B5445591', '200108000160', 'Thushari Silva', 'Anka 456 Elm Sit', '1991-02-02', '2021-02-02', '2031-02-02', 'A-', 'Bike', 'doc02.pdf'),
      ('B5445592', '200108000161', 'Udeni Fernando', 'Anka 789 Oak Sit', '1992-03-03', '2022-03-03', '2032-03-03', 'B+', 'Car', 'doc03.pdf'),
      ('B5445593', '200108000162', 'Vimal Weerasinghe', 'Anka 101 Pine Sit', '1993-04-04', '2023-04-04', '2033-04-04', 'AB+', 'Car,Truck', 'doc04.pdf'),
      ('B5445594', '200108000163', 'Wasanthi Jayasinghe', 'Anka 202 Maple Sit', '1994-05-05', '2024-05-05', '2034-05-05', 'B-', 'Truck', 'doc05.pdf'),
      ('B5445595', '200108000164', 'Xavier Wijesinghe', 'Anka 303 Birch Sit', '1995-06-06', '2025-06-06', '2035-06-06', 'A+', 'Car,Bike', 'doc06.pdf'),
      ('B5445596', '200108000165', 'Yasodha Bandara', 'Anka 404 Cedar Sit', '1996-07-07', '2026-07-07', '2036-07-07', 'O-', 'Bike', 'doc07.pdf'),
      ('B5445597', '200108000166', 'Zoysa Senanayake', 'Anka 505 Spruce Sit', '1997-08-08', '2027-08-08', '2037-08-08', 'AB-', 'Car', 'doc08.pdf'),
      ('B5445598', '200108000167', 'Amara Perera', 'Anka 606 Poplar Sit', '1998-09-09', '2028-09-09', '2038-09-09', 'O+', 'Car,Bike,Truck', 'doc09.pdf'),
      ('B5445599', '200108000168', 'Buddhi Herath', 'Anka 707 Willow Sit', '1999-10-10', '2029-10-10', '2039-10-10', 'A-', 'Bike,Truck', 'doc10.pdf'),
      ('B5445600', '200108000169', 'Chamali Fonseka', 'Anka 808 Ash Sit', '1988-11-11', '2018-11-11', '2028-11-11', 'B+', 'Car', 'doc11.pdf'),
      ('B5445601', '200108000170', 'Dilshan Jayawardena', 'Anka 909 Redwood Sit', '1989-12-12', '2019-12-12', '2029-12-12', 'AB+', 'Car,Bike', 'doc12.pdf'),
      ('B5445602', '200108000171', 'Eshanthi Rajapaksha', 'Anka 1010 Chestnut Sit', '1990-01-13', '2020-01-13', '2030-01-13', 'O+', 'Truck', 'doc13.pdf'),
      ('B5445603', '200108000172', 'Fahim Razik', 'Anka 1111 Aspen Sit', '1991-02-14', '2021-02-14', '2031-02-14', 'A-', 'Bike', 'doc14.pdf'),
      ('B5445604', '200108000173', 'Gayan Abeysinghe', 'Anka 1212 Fir Sit', '1992-03-15', '2022-03-15', '2032-03-15', 'B-', 'Car,Bike', 'doc15.pdf'),
      ('B5445605', '200108000174', 'Harsha Ratnayake', 'Anka 1313 Magnolia Sit', '1993-04-16', '2023-04-16', '2033-04-16', 'AB-', 'Truck', 'doc16.pdf'),
      ('B5445606', '200108000175', 'Ishani Wickramasinghe', 'Anka 1414 Olive Sit', '1994-05-17', '2024-05-17', '2034-05-17', 'O-', 'Car', 'doc17.pdf'),
      ('B5445607', '200108000176', 'Janith Perera', 'Anka 1515 Sequoia Sit', '1995-06-18', '2025-06-18', '2035-06-18', 'A+', 'Bike', 'doc18.pdf'),
      ('B5445608', '200108000177', 'Kanchana Senarath', 'Anka 1616 Beech Sit', '1996-07-19', '2026-07-19', '2036-07-19', 'B+', 'Car,Truck', 'doc19.pdf'),
      ('B5445609', '200108000178', 'Lalith Gunawardena', 'Anka 1717 Dogwood Sit', '1997-08-20', '2027-08-20', '2037-08-20', 'AB+', 'Car,Bike', 'doc20.pdf'),
    ('B5445610','200117701551', 'G.W.D. Banuka', 'Galkissa', '2001-06-25', '2001-06-25', '2027-08-20','2027-08-20', 'O+' , 'Car,Bike', 'doc21.pdf');

INSERT INTO new_licenses (
    license_number,
    identity_number,
    name,
    living_address,
    birth_date,
    issued_date,
    expiry_date,
    blood_group,
    vehicles_allowed,
    document
) VALUES
      ('B5445610', '200108000179', 'Mihira Perera', 'Anka 1818 Maple Sit', '1998-09-21', '2028-09-21', '2038-09-21', 'O+', 'Car,Bike', 'doc21.pdf'),
      ('B5445611', '200108000180', 'Ayesha Karunaratne', 'Anka 1919 Pine Sit', '1999-10-22', '2029-10-22', '2039-10-22', 'A-', 'Bike,Truck', 'doc22.pdf'),
      ('B5445612', '200108000181', 'Wimala Mendis', 'Anka 2020 Oak Sit', '1988-11-23', '2018-11-23', '2028-11-23', 'B+', 'Car', 'doc23.pdf'),
      ('B5445613', '200108000182', 'Sahanthi Rajapaksha', 'Anka 2121 Birch Sit', '1989-12-24', '2019-12-24', '2029-12-24', 'AB+', 'Car,Truck', 'doc24.pdf'),
      ('B5445614', '200108000183', 'Janaka Silva', 'Anka 2222 Cedar Sit', '1990-01-25', '2020-01-25', '2030-01-25', 'O-', 'Bike', 'doc25.pdf'),
      ('B5445615', '200108000184', 'Nadeesha Perera', 'Anka 2323 Elm Sit', '1991-02-26', '2021-02-26', '2031-02-26', 'A+', 'Car,Bike', 'doc26.pdf'),
      ('B5445616', '200108000185', 'Ravindu Kumara', 'Anka 2424 Willow Sit', '1992-03-27', '2022-03-27', '2032-03-27', 'B-', 'Truck', 'doc27.pdf'),
      ('B5445617', '200108000186', 'Tharushi De Silva', 'Anka 2525 Spruce Sit', '1993-04-28', '2023-04-28', '2033-04-28', 'AB-', 'Car', 'doc28.pdf'),
      ('B5445618', '200108000187', 'Chamara Gunaratne', 'Anka 2626 Poplar Sit', '1994-05-29', '2024-05-29', '2034-05-29', 'O+', 'Car,Bike,Truck', 'doc29.pdf'),
      ('B5445619', '200108000188', 'Kalani Fernando', 'Anka 2727 Chestnut Sit', '1995-06-30', '2025-06-30', '2035-06-30', 'A-', 'Bike,Truck', 'doc30.pdf'),
      ('B5445620', '200108000189', 'Tharindu Wijesinghe', 'Anka 2828 Redwood Sit', '1996-07-31', '2026-07-31', '2036-07-31', 'B+', 'Car', 'doc31.pdf'),
      ('B5445621', '200108000190', 'Sanjana Perera', 'Anka 2929 Ash Sit', '1997-08-01', '2027-08-01', '2037-08-01', 'AB+', 'Car,Bike', 'doc32.pdf'),
      ('B5445622', '200108000191', 'Prabath Kumarasinghe', 'Anka 3030 Fir Sit', '1998-09-02', '2028-09-02', '2038-09-02', 'O+', 'Truck', 'doc33.pdf'),
      ('B5445623', '200108000192', 'Nimesha Athukorala', 'Anka 3131 Sequoia Sit', '1999-10-03', '2029-10-03', '2039-10-03', 'A-', 'Bike', 'doc34.pdf'),
      ('B5445624', '200108000193', 'Dinesh Rodrigo', 'Anka 3232 Magnolia Sit', '1988-11-04', '2018-11-04', '2028-11-04', 'B-', 'Car,Bike', 'doc35.pdf'),
      ('B5445625', '200108000194', 'Kavitha Rajapakse', 'Anka 3333 Beech Sit', '1989-12-05', '2019-12-05', '2029-12-05', 'AB-', 'Truck', 'doc36.pdf'),
      ('B5445626', '200108000195', 'Lasitha Weerasinghe', 'Anka 3434 Dogwood Sit', '1990-01-06', '2020-01-06', '2030-01-06', 'O-', 'Car', 'doc37.pdf'),
      ('B5445627', '200108000196', 'Dilani Senanayake', 'Anka 3535 Oak Sit', '1991-02-07', '2021-02-07', '2031-02-07', 'A+', 'Bike', 'doc38.pdf'),
      ('B5445628', '200108000197', 'Rohan Perera', 'Anka 3636 Maple Sit', '1992-03-08', '2022-03-08', '2032-03-08', 'B+', 'Car,Truck', 'doc39.pdf'),
      ('B5445629', '200108000198', 'Shanika Jayawardena', 'Anka 3737 Pine Sit', '1993-04-09', '2023-04-09', '2033-04-09', 'AB+', 'Car,Bike', 'doc40.pdf');


INSERT INTO updated_Licenses (
    license_number,
    identity_number,
    name,
    living_address,
    birth_date,
    issued_date,
    expiry_date,
    blood_group,
    vehicles_allowed,
    document
) VALUES
      ('B5445600', '200108000159', 'Janaka Silva', '1234 Elm Sit', '1980-01-15', '2020-01-15', '2030-01-15', 'A+', 'Car,Bike', 'doc01.pdf'),
      ('B5445601', '200108000160', 'Nimali Fernando', '2345 Oak Sit', '1985-02-20', '2021-02-20', '2031-02-20', 'B-', 'Bike,Truck', 'doc02.pdf'),
      ('B5445602', '200108000161', 'Ruwan Perera', '3456 Maple Sit', '1990-03-25', '2022-03-25', '2032-03-25', 'O+', 'Car', 'doc03.pdf'),
      ('B5445603', '200108000162', 'Sanjeewa Kumara', '4567 Pine Sit', '1995-04-30', '2023-04-30', '2033-04-30', 'AB+', 'Car,Truck', 'doc04.pdf'),
      ('B5445604', '200108000163', 'Chamila Senanayake', '5678 Cedar Sit', '2000-05-05', '2024-05-05', '2034-05-05', 'A-', 'Bike', 'doc05.pdf'),
      ('B5445605', '200108000164', 'Tharushi De Silva', '6789 Birch Sit', '1982-06-10', '2025-06-10', '2035-06-10', 'B+', 'Car,Bike', 'doc06.pdf'),
      ('B5445606', '200108000165', 'Dinesh Rajapaksha', '7890 Spruce Sit', '1988-07-15', '2026-07-15', '2036-07-15', 'O-', 'Truck', 'doc07.pdf'),
      ('B5445607', '200108000166', 'Lakshi Rathnayake', '8901 Fir Sit', '1993-08-20', '2027-08-20', '2037-08-20', 'AB-', 'Car', 'doc08.pdf'),
      ('B5445608', '200108000167', 'Manoj Weerasinghe', '9012 Willow Sit', '1998-09-25', '2028-09-25', '2038-09-25', 'A+', 'Bike,Truck', 'doc09.pdf'),
      ('B5445609', '200108000168', 'Kavitha Perera', '0123 Sequoia Sit', '2001-10-30', '2029-10-30', '2039-10-30', 'B-', 'Car,Bike', 'doc10.pdf'),
      ('B5445610', '200108000169', 'Nuwan Silva', '1234 Redwood Sit', '1980-11-05', '2020-11-05', '2030-11-05', 'O+', 'Truck', 'doc11.pdf'),
      ('B5445611', '200108000170', 'Dilani Jayasinghe', '2345 Aspen Sit', '1985-12-10', '2021-12-10', '2031-12-10', 'A-', 'Car,Bike', 'doc12.pdf'),
      ('B5445612', '200108000171', 'Lasitha Fernando', '3456 Chestnut Sit', '1990-01-15', '2022-01-15', '2032-01-15', 'B+', 'Bike', 'doc13.pdf'),
      ('B5445613', '200108000172', 'Samanthi Perera', '4567 Hickory Sit', '1995-02-20', '2023-02-20', '2033-02-20', 'AB-', 'Car,Truck', 'doc14.pdf'),
      ('B5445614', '200108000173', 'Keshan Jayawardena', '5678 Poplar Sit', '2000-03-25', '2024-03-25', '2034-03-25', 'O-', 'Car', 'doc15.pdf'),
      ('B5445615', '200108000174', 'Shanika Kumarasinghe', '6789 Oak Sit', '1982-04-30', '2025-04-30', '2035-04-30', 'A+', 'Bike', 'doc16.pdf'),
      ('B5445616', '200108000175', 'Ravi Seneviratne', '7890 Pine Sit', '1988-05-05', '2026-05-05', '2036-05-05', 'B-', 'Truck', 'doc17.pdf'),
      ('B5445617', '200108000176', 'Manisha Wijesinghe', '8901 Cedar Sit', '1993-06-10', '2027-06-10', '2037-06-10', 'AB+', 'Car', 'doc18.pdf'),
      ('B5445618', '200108000177', 'Nimal Rathnayake', '9012 Birch Sit', '1998-07-15', '2028-07-15', '2038-07-15', 'O+', 'Car,Bike', 'doc19.pdf'),
      ('B5445619', '200108000178', 'Chathura Ranasinghe', '0123 Maple Sit', '2001-08-20', '2029-08-20', '2039-08-20', 'A-', 'Bike,Truck', 'doc20.pdf');
